Column 1;name;age
;;
1;Novak Djokovic;34
2;Daniil Medvedev;25
3;Alexander Zverev;24
4;Stefanos Tsitsipas;23
5;Andrey Rublev;24
6;Rafael Nadal;35
7;Matteo Berrettini;25
8;Casper Ruud;22
9;Hubert Hurkacz;24
10;Jannik Sinner;20
11;Felix Auger-Aliassime;21
12;Cameron Norrie;26
13;Diego Schwartzman;29
14;Dominic Thiem;28
15;Aslan Karatsev;28
16;Roger Federer;40
17;Cristian Garin;25
18;Denis Shapovalov;22
19;Roberto Bautista Agut;33
20;Pablo Carreno Busta;30
21;Gael Monfils;35
22;Nikoloz Basilashvili;29
23;Taylor Fritz;24
24;John Isner;36
25;Reilly Opelka;24
26;Daniel Evans;31
27;Lorenzo Sonego;26
28;Grigor Dimitrov;30
29;Karen Khachanov;25
30;Marin Cilic;33
31;Lloyd Harris;24
32;Carlos Alcaraz;18
33;Alex de Minaur;22
34;Dusan Lajovic;31
35;Ugo Humbert;23
36;Alexander Bublik;24
37;Fabio Fognini;34
38;David Goffin;30
39;Sebastian Korda;21
40;Marton Fucsovics;29
41;Frances Tiafoe;23
42;Filip Krajinovic;29
43;Federico Delbonis;31
44;Albert Ramos-Vinolas;33
45;Ilya Ivashka;27
46;Benoit Paire;32
47;James Duckworth;29
48;Kei Nishikori;31
49;Alejandro Davidovich Fokina;22
50;Jan-Lennard Struff;31
51;Laslo Djere;26
52;Tommy Paul;24
53;Soonwoo Kwon;23
54;Dominik Koepfer;27
55;Mackenzie McDonald;26
56;Jenson Brooksby;21
57;Marcos Giron;28
58;Lorenzo Musetti;19
59;Alexei Popyrin;22
60;Arthur Rinderknech;26
61;Botic van de Zandschulp;26
62;Pedro Martinez;24
63;Brandon Nakashima;20
64;Gianluca Mager;26
65;Benjamin Bonzi;25
66;Adrian Mannarino;33
67;Hugo Gaston;21
68;Miomir Kecmanovic;22
69;John Millman;32
70;Federico Coria;29
71;Milos Raonic;30
72;Tallon Griekspoor;25
73;Roberto Carballes Baena;28
74;Richard Gasquet;35
75;Borna Coric;24
76;Guido Pella;31
77;Jordan Thompson;27
78;Facundo Bagnis;31
79;Emil Ruusuvuori;22
80;Kevin Anderson;35
81;Stefano Travaglia;29
82;Yoshihito Nishioka;26
83;Stan Wawrinka;36
84;Jiri Vesely;28
85;Peter Gojowczyk;32
86;Steve Johnson;31
87;Denis Kudla;29
88;Pablo Andujar;35
89;Jaume Munar;24
90;Corentin Moutet;22
91;Juan Manuel Cerundolo;19
92;Nick Kyrgios;26
93;Mikael Ymer;23
94;Tennys Sandgren;30
95;Thiago Monteiro;27
96;Carlos Taberner;24
97;Pablo Cuevas;35
98;Marco Cecchinato;29
99;Henri Laaksonen;29
100;Andreas Seppi;37
101;Ricardas Berankis;31
102;Daniel Elahi Galan;25
103;Feliciano Lopez;40
104;Jeremy Chardy;34
105;Daniel Altmaier;23
106;Alex Molcan;23
107;Sam Querrey;34
108;Aljaz Bedene;32
109;Holger Vitus Nodskov Rune;18
110;Pierre-Hugues Herbert;30
111;Sebastian Baez;20
112;Francisco Cerundolo;23
113;Egor Gerasimov;28
114;Vasek Pospisil;31
115;Andrej Martin;32
116;Philipp Kohlschreiber;38
117;Kamil Majchrzak;25
118;Gilles Simon;36
119;Dennis Novak;28
120;Norbert Gombos;31
121;Bernabe Zapata Miralles;24
122;Kyle Edmund;26
123;Taro Daniel;28
124;Yannick Hanfmann;29
125;Oscar Otte;28
126;Juan Pablo Varillas;26
127;Liam Broady;27
128;Maxime Cressy;24
129;Tomas Martin Etcheverry;22
130;Hugo Dellien;28
131;Tomas Machac;21
132;Attila Balazs;33
133;Thiago Seyboth Wild;21
134;Radu Albot;31
135;Jozef Kovalik;29
136;Alex Bolt;28
137;Nikola Milojevic;26
138;Pedro Sousa;33
139;Zdenek Kolar;25
140;Alejandro Tabilo;24
141;Tomas Barrios Vera;23
142;Jurij Rodionov;22
143;Andy Murray;34
144;Salvatore Caruso;28
145;Cem Ilkel;26
146;Joao Sousa;32
147;Mitchell Krueger;27
148;Emilio Gomez;29
149;Jack Sock;29
150;Quentin Halys;25
151;Federico Gaio;29
152;J.J. Wolf;22
153;Fernando Verdasco;37
154;Lucas Pouille;27
155;Illya Marchenko;34
156;Mats Moraing;29
157;Yuichi Sugita;33
158;Damir Dzumhur;29
159;Juan Ignacio Londero;28
160;Altug Celikbilek;25
161;Christopher O'Connell;27
162;Ernesto Escobedo;25
163;Gregoire Barrere;27
164;Jiri Lehecka;20
165;Nicolas Jarry;26
166;Roman Safiullin;24
167;Elias Ymer;25
168;Antoine Hoang;26
169;Kacper Zuk;22
170;Dmitry Popko;25
171;Bjorn Fratangelo;28
172;Aleksandar Vukic;25
173;Jason Jung;32
174;Thanasi Kokkinakis;25
175;Evgeny Donskoy;31
176;Sebastian Ofner;25
177;Max Purcell;23
178;Christopher Eubanks;25
179;Mario Vilella Martinez;26
180;Prajnesh Gunneswaran;31
181;Marc-Andrea Huesler;25
182;Felipe Meligeni Rodrigues Alves;23
183;Enzo Couacaud;26
184;Hugo Grenier;25
185;Blaz Rola;31
186;Dimitar Kuzmanov;28
187;Mikhail Kukushkin;33
188;Stefan Kozlov;23
189;Zizou Bergs;22
190;Renzo Olivo;29
191;Alessandro Giannessi;31
192;Vit Kopriva;24
193;Mohamed Safwat;31
194;Ernests Gulbis;33
195;Lukas Lacko;34
196;Filip Horansky;28
197;Marc Polmans;24
198;Maximilian Marterer;26
199;Marco Trungelliti;31
200;Gian Marco Moroni;23
201;Roberto Marcora;32
202;Jay Clarke;23
203;Franco Agamenone;28
204;Daniel Masur;27
205;Yasutaka Uchiyama;29
206;Constant Lestienne;29
207;Jesper De Jong;21
208;Jason Kubler;28
209;Alexandre Muller;24
210;Lorenzo Giustino;30
211;Mikael Torpegaard;27
212;Thiago Agustin Tirante;20
213;Facundo Mena;29
214;Kimmer Coppejans;27
215;Ramkumar Ramanathan;27
216;Camilo Ugo Carabelli;22
217;Sumit Nagal;24
218;Ruben Bemelmans;33
219;Maxime Janvier;25
220;Andrea Pellegrino;24
221;Flavio Cobolli;19
222;Frederico Ferreira Silva;26
223;Thai-Son Kwiatkowski;26
224;Thomas Fabbiano;32
225;Viktor Troicki;35
226;Mathias Bourgue;27
227;Gastao Elias;30
228;Cedrik-Marcel Stebe;31
229;Sergiy Stakhovsky;35
230;Robin Haase;34
231;Ivo Karlovic;42
232;Joao Menezes;24
233;Joao Domingues;28
234;Matthew Ebden;33
235;Brayden Schnur;26
236;Lukas Klein;23
237;Nicolas Kicker;29
238;Ulises Blanch;23
239;Nicola Kuhn;21
240;Giulio Zeppieri;19
241;Nino Serdarusic;24
242;Tim Van Rijthoven;24
243;Dominic Stricker;19
244;Mirza Basic;30
245;Vitaliy Sachko;24
246;Michael Mmoh;23
247;Manuel Guinard;25
248;Denis Istomin;35
249;Chun-hsin Tseng;20
250;Bernard Tomic;29
251;Go Soeda;37
252;Duje Ajdukovic;20
253;Paolo Lorenzi;39
254;Jo-Wilfried Tsonga;36
255;Tobias Kamke;35
256;Nuno Borges;24
257;Alexander Ritschard;27
258;Pedro Cachin;26
259;Steven Diez;30
260;Matthias Bachinger;34
261;Andrey Kuznetsov;30
262;Timofey Skatov;20
263;Christian Harrison;27
264;Tung-Lin Wu;23
265;Andrea Collarini;29
266;Guido Andreozzi;30
267;Teymuraz Gabashvili;36
268;Blaz Kavcic;34
269;Lukas Rosol;36
270;Tristan Lamasine;28
271;Pavel Kotov;22
272;Matheus Pucinelli De Almeida;20
273;Juan Pablo Ficovich;24
274;Evan Furness;23
275;Geoffrey Blancaneaux;23
276;Nicolas Mejia;21
277;Andrea Arnaboldi;33
278;Jack Draper;19
279;Martin Klizan;32
280;Peter Polansky;33
281;Borna Gojo;23
282;Tatsuma Ito;33
283;Marius Copil;31
284;Orlando Luz;23
285;Riccardo Bonadio;28
286;Gerald Melzer;31
287;Goncalo Oliveira;26
288;Roberto Cid Subervi;28
289;Andrea Vavassori;26
290;Roberto Quiroz;29
291;Javier Barranco Cosano;22
292;Danilo Petrovic;29
293;Jonas Forejtek;20
294;Matteo Viola;34
295;Evgeny Karlovskiy;27
296;Yannick Maden;32
297;Lucas Miedler;25
298;Leonardo Mayer;34
299;Malek Jaziri;37
300;Arthur Cazaux;19
301;Ryan Peniston;25
302;Miljan Zekic;33
303;Julian Lenz;28
304;Ergi Kirkin;22
305;Yosuke Watanuki;23
306;Pedja Krstin;27
307;Raul Brancaccio;24
308;Bradley Klahn;31
309;Kyrian Jacquet;20
310;Nikolas Sanchez Izquierdo;22
311;Marcel Granollers;35
312;Gonzalo Lama;28
313;Zhizhen Zhang;25
314;Dalibor Svrcina;19
315;Adrian Menendez-Maceiras;36
316;Evgenii Tiurnev;24
317;Nerman Fatic;27
318;Carlos Gimeno Valero;20
319;Pedro Sakamoto;28
320;Tommy Robredo;39
321;Alexis Galarneau;22
322;Francesco Forti;22
323;Matteo Martineau;22
324;Alexander Erler;24
325;Filip Cristian Jianu;20
326;Roberto Ortega-Olmedo;30
327;Akira Santillan;24
328;Aziz Dougaz;24
329;Nick Chappell;29
330;Eduard Esteve Lobato;27
331;Antoine Escoffier;29
332;Emilio Nava;19
333;Michael Geerts;26
334;Kaichi Uchida;27
335;Adrian Andreev;20
336;Mischa Zverev;34
337;Dustin Brown;36
338;Hernan Casanova;27
339;Nicolas Moreno De Alboran;24
340;Zsombor Piros;22
341;Alexey Vatutin;29
342;Paul Jubb;22
343;Alvaro Lopez San Martin;24
344;Facundo Diaz Acosta;20
345;Aleksandar Kovacevic;23
346;Hiroki Moriya;31
347;JC Aragone;26
348;Genaro Alberto Olivieri;23
349;Lucas Catarina;25
350;Filip Misolic;20
351;Alex Rybakov;24
352;Alexander Shevchenko;20
353;Alexis Gautier;24
354;Viktor Durasovic;24
355;Santiago Fa Rodriguez Taverna;22
356;Nick Hardt;21
357;Oriol Roca Batalla;28
358;Aidan McHugh;21
359;Johan Nikles;24
360;Fabian Marozsan;22
361;Michael Vrbensky;21
362;Otto Virtanen;20
363;Matteo Arnaldi;20
364;Yu Hsiou Hsu;22
365;Thomaz Bellucci;33
366;Yshai Oliel;21
367;Elliot Benchetrit;23
368;Duckhee Lee;23
369;Oliver Crawford;22
370;Julian Ocleppo;24
371;Nicolas Alvarez;25
372;Oleksii Krutykh;21
373;Igor Sijsling;34
374;Rudolf Molleker;21
375;Dudi Sela;36
376;Andrew Harris;27
377;Rinky Hijikata;20
378;Darian King;29
379;Alessandro Bega;30
380;John-Patrick Smith;32
381;Benjamin Hassan;26
382;Nicolas Alvarez Varona;20
383;Mukund Sasikumar;24
384;Noah Rubin;25
385;James Ward;34
386;Pol Martin Tiffon;22
387;Khumoyun Sultanov;23
388;Facundo Juarez;24
389;Shintaro Mochizuki;18
390;Matija Pecotic;32
391;Louis Wessels;23
392;Christopher Heyman;28
393;Denis Yevseyev;28
394;Mats Rosenkranz;23
395;Michael Redlicki;27
396;Sebastian Fanselow;29
397;Jelle Sels;26
398;Filippo Baldi;25
399;Calvin Hemery;26
400;Carlos Gomez-Herrera;31
401;Nicolas Mahut;39
402;Viktor Galovic;31
403;Zhe Li;35
404;Zane Khan;19
405;Dragos Nicolae Madaras;24
406;Uladzimir Ignatik;31
407;Harold Mayot;19
408;Kevin King;30
409;Filip Peliwo;27
410;Peter Heller;29
411;Skander Mansouri;26
412;Yunseong Chung;23
413;Gijs Brouwer;25
414;JiSung Nam;28
415;Sandro Ehrat;30
416;Vladyslav Orlov;26
417;Shuichi Sekiguchi;30
418;Dan Added;22
419;Ivan Nedelko;35
420;Aldin Setkic;33
421;Gilbert Klier Junior;21
422;Anton Matusevich;20
423;Alejandro Gonzalez;32
424;Yan Bai;32
425;Guilherme Clezar;28
426;Petros Chrysochos;25
427;Shintaro Imai;28
428;Yuta Shimizu;22
429;Elmar Ejupovic;28
430;Johannes Haerteis;25
431;Dayne Kelly;31
432;Daniel Dutra da Silva;33
433;Georgii Kravchenko;21
434;Mate Valkusz;23
435;Donald Young;32
436;Daniel Michalski;21
437;Matthieu Perchicot;29
438;Giovanni Fonio;23
439;Zachary Svajda;18
440;Yan Bondarevskiy;21
441;Corentin Denolly;24
442;Baptiste Crepatte;27
443;Jan Satral;31
444;Cristian Rodriguez;31
445;Lucas Gerch;26
446;Matias Zukas;25
447;Bogdan Bobrov;24
448;Agustin Velotti;29
449;Antoine Bellier;25
450;Gonzalo Villanueva;26
451;Steve Darcis;37
452;Ryan Harrison;29
453;Harry Bourchier;25
454;Rio Noguchi;22
455;Guillermo Garcia-Lopez;38
456;Jeroen Vanneste;27
457;Jacopo Berrettini;22
458;Luca Nardi;18
459;Christian Lindell;29
460;Alexandar Lazarov;24
461;Tobias Simon;30
462;Govind Nanda;20
463;Luciano Darderi;19
464;Pawel Cias;27
465;Jakub Paul;22
466;Michail Pervolarakis;25
467;Ivan Gakhov;25
468;Stefano Napolitano;26
469;Nicholas David Ionel;19
470;Patrick Kypson;22
471;Gauthier Onclin;20
472;Edan Leshem;24
473;Artem Dubrivnyy;22
474;Marek Gengel;26
475;Jan Choinski;25
476;Laurent Lokoli;27
477;Karim-Mohamed Maamoun;30
478;Eric Vanshelboim;20
479;Markus Eriksson;31
480;Benjamin Lock;28
481;Janko Tipsarevic;37
482;Carlos Sanchez Jover;21
483;David Poljak;25
484;Raymond Sarmiento;29
485;Lucas Poullain;25
486;Alexander Sarkissian;31
487;Titouan Droguet;20
488;Alexey Zakharov;21
489;Alejandro Gomez;30
490;Joao Lucas Reis Da Silva;21
491;Hyeon Chung;25
492;Maxime Hamou;26
493;Alexander Weis;24
494;Jules Okala;24
495;Matias Franco Descotte;27
496;Mateus Alves;20
497;David Pichler;25
498;Arthur De Greef;29
499;Sekou Bangoura;29
500;Kenny De Schepper;34
501;Jose Fco. Vidal Azorin;28
502;Jerzy Janowicz;30
503;Vasil Kirkov;22
504;Tiago Cacao;23
505;Martin Cuevas;29
506;Sadio Doumbia;31
507;Jonathan Mridha;26
508;Henri Squire;21
509;Marko Tepavac;27
510;Danylo Kalenichenko;27
511;Fabrizio Ornago;29
512;Gage Brymer;26
513;Juan Pablo Paz;26
514;Facundo Arguello;29
515;Aleksandr Nedovyesov;34
516;Luca Van Assche;17
517;Brydan Klein;31
518;Jose Hernandez-Fernandez;31
519;Collin Altamirano;25
520;Clement Tabur;21
521;Christian Langmo;25
522;Valentin Royer;20
523;Francisco Comesana;21
524;Konstantin Kravchuk;36
525;Alex Marti Pujolras;22
526;Strong Kirchheimer;26
527;Yusuke Takahashi;24
528;Riccardo Balzerani;23
529;Peter Torebko;33
530;Luca Vanni;36
531;Alibek Kachmazov;19
532;Adam Pavlasek;27
533;Antoine Cornut-Chauvinc;21
534;Clement Chidekh;20
535;Sam Riffice;22
536;Evan King;29
537;Renta Tokuda;23
538;Billy Harris;26
539;Yanki Erel;21
540;Maximilian Neuchrist;30
541;Bastian Malla;25
542;Sanjar Fayziev;27
543;Federico Arnaboldi;21
544;Dane Sweeny;20
545;Juan Bautista Torres;19
546;Vladyslav Manafov;28
547;Alejo Lorenzo Lingua Lavallen;20
548;Nicolas Barrientos;34
549;Ronald Slobodchikov;27
550;Sho Shimabukuro;24
551;Quentin Folliot;22
552;Mariano Kestelboim;25
553;Pol Toledo Bague;26
554;Tak Khunn Wang;30
555;Patrik Niklas-Salminen;24
556;Ben Patael;24
557;Alexandru Jecan;33
558;Felix Corwin;25
559;Thomas Laurent;23
560;Saketh Myneni;34
561;Pablo Vivero Gonzalez;26
562;Damien Wenger;21
563;Diego Hidalgo;28
564;Yen-Hsun Lu;38
565;Alastair Gray;23
566;Roman Andres Burruchaga;19
567;Mariano Navone;20
568;Pavel Nejedly;28
569;Simon Carr;22
570;Mick Veldheer;25
571;Oscar Jose Gutierrez;28
572;Marvin Moeller;22
573;Jeremy Jahn;31
574;Hady Habib;23
575;Vaclav Safranek;27
576;Sidharth Rawat;28
577;Patrik Rikl;22
578;Pablo Llamas Ruiz;19
579;Aleksandre Metreveli;28
580;Santiago Giraldo;33
581;Liam Caruana;23
582;Remy Bertola;23
583;Martin Damm;18
584;Jeremy Beale;27
585;Tsung-Hua Yang;30
586;Naoki Nakagawa;24
587;Gergely Madarasz;27
588;Edoardo Lavagno;23
589;Maxime Chazal;28
590;Ricardo Ojeda Lara;28
591;Luca Potenza;21
592;Gerardo Lopez Villasenor;26
593;Igor Marcondes;24
594;Stuart Parker;24
595;Alen Avidzba;21
596;Yannick Mertens;34
597;Jurgen Briand;22
598;Francesco Passaro;20
599;Manuel Pena Lopez;23
600;Quentin Robert;27
601;Arnaud Bovy;21
602;Makoto Ochi;25
603;Simone Roncalli;25
604;Seong-chan Hong;24
605;Carlos Lopez Montagud;21
606;Kai Wehnelt;25
607;Alejandro Moro Canas;20
608;Ze Zhang;31
609;Martins Podzus;27
610;Erik Crepaldi;31
611;Martin Redlicki;26
612;Li Tu;25
613;Fajing Sun;25
614;Gianluigi Quinzi;25
615;Daniel Gimeno-Traver;36
616;Federico Zeballos;33
617;Jaimee Floyd Angele;21
618;Andrea Basso;28
619;Alexis Musialek;33
620;Luca Giacomini;24
621;Ryan Nijboer;22
622;Rogerio Dutra Silva;37
623;Tim Handel;25
624;Enrico Dalla Valle;23
625;Toby Alex Kodat;18
626;Omni Kumar;20
627;Moez Echargui;28
628;Valentin Vacherot;22
629;Luke Saville;27
630;Omar Giacalone;29
631;Nicolae Frunza;23
632;Arthur Reymond;22
633;Ricardo Rodriguez - Pace;28
634;Wilson Leite;30
635;Eliakim Coulibaly;19
636;Lloyd Glasspool;27
637;Mattia Bellucci;20
638;Tristan Schoolkate;20
639;Giovanni Mpetshi Perricard;18
640;Yuki Mochizuki;23
641;Evan Song;29
642;Mark Whitehouse;28
643;Ryota Tanuma;26
644;Thomas Fancutt;26
645;Michal Dembek;24
646;Timo Stodder;25
647;Stefan Palosi;21
648;Gabriel Petit;26
649;Rayane Roumane;21
650;Conner Huertas del pino;25
651;Alexander Donski;23
652;Alexander Cozbinov;26
653;Marcelo Arevalo;31
654;Gustavo Heide;19
655;Guy Den Ouden;19
656;Gonzalo Escobar;32
657;Juan Sebastian Gomez;29
658;Bogdan Ionut Apostol;25
659;Roy Smith;23
660;Luke Johnson;27
661;Imanol Lopez Morillo;21
662;Naoki Tajima;21
663;Keegan Smith;23
664;Andres Artunedo Martinavarro;28
665;Arthur Fils;17
666;Leandro Riedi;19
667;Felix Gill;19
668;Johan Tatlot;25
669;Peter Fajta;19
670;Christoph Negritu;27
671;Alex Hernandez;22
672;Daniele Capecchi;26
673;Davide Galoppini;27
674;Hamad Medjedovic;18
675;Jonathan Eysseric;31
676;Nathan Seateun;24
677;Lenny Hampel;24
678;Ugo Blanchet;22
679;Benjamin Pietri;25
680;Hugo Nys;30
681;Ben Shelton;19
682;Cannon Kingsley;20
683;Liam Draxl;19
684;Jose Pereira;30
685;Lukas Neumayer;19
686;Jacob Grills;26
687;Savriyan Danilov;21
688;Sergey Fomin;20
689;Marco Bortolotti;30
690;Carlos Boluda-Purkiss;28
691;Emiliano Maggioli;20
692;Oleg Prihodko;24
693;Evan Zhu;23
694;Pedro Vives Marcos;20
695;Kelsey Stevenson;31
696;Tim Smyczek;33
697;Joris De Loore;28
698;Eliot Spizzirri;19
699;Di Wu;30
700;Brandon Holt;23
701;Illya Beloborodko;20
702;Jordan Correia;24
703;Guy Orly Iradukunda;25
704;Martin Krumich;18
705;Lukas Krainer;21
706;Tomas Lipovsek Puches;28
707;Cayetano March;21
708;Fermin Tenti;24
709;Andrey Chepelev;23
710;Pedro Boscardin Dias;18
711;Maximiliano Estevez;32
712;Rafael Matos;25
713;Evan Hoyt;26
714;Pedro Araujo;19
715;Pietro Rondoni;28
716;Marvin Netuschil;30
717;Marko Miladinovic;20
718;Manish Sureshkumar;22
719;Lorenzo Bocchi;23
720;Jean Thirouin;24
721;Juncheng  Shang;16
722;Alexander Brown;22
723;Arthur Fery;19
724;Beibit Zhukayev;21
725;Timo Legout;19
726;Lilian Marmousez;19
727;Oleksandr Ovcharenko;20
728;Jordi Arconada;25
729;Ezekiel Clark;23
730;Kristjan Tamm;23
731;Jorge Panta;26
732;Benjamin Winter Lopez;23
733;Colin Sinclair;26
734;Luca Castelnuovo;24
735;Gabriel Decamps;22
736;John McNally;23
737;Gleb Sakharov;33
738;Giacomo Dambrosi;20
739;Eduardo Struvay;30
740;Maverick Banes;29
741;Jack Pinnington Jones;18
742;Matic Spec;26
743;Michel Vernier;29
744;Juan Martin del Potro;33
745;Daniel Nguyen;31
746;Duarte Vale;22
747;Savva Polukhin;22
748;Nam Hoang Ly;24
749;Kyle Seelig;24
750;Niki Kaliyanda Poonacha;26
751;Tom Kocevar-Desman;31
752;Petros Tsitsipas;21
753;Takuto Niki;34
754;Sebastian Prechtel;25
755;Matteo Donati;26
756;Jaroslav Pospisil;40
757;Robin Stanek;26
758;Matthew Christopher Romios;22
759;Louis Tessa;23
760;Jumpei Yamasaki;24
761;Juan Ignacio Galarza;27
762;Marsel Ilhan;34
763;Harri Heliovaara;32
764;Henry Patten;25
765;Daniel Cukierman;26
766;Clement Geens;25
767;Peter Bertran;25
768;Jaume Pla Malfeito;26
769;Miguel Damas;21
770;Andrew Paulson;19
771;Boris Pokotilov;24
772;Nicolas Alberto Arreche;27
773;Nikita Mashtakov;22
774;Alexander Zhurbin;29
775;Robert Strombachs;22
776;Dusty H. Boyer;28
777;Grigoriy Lomakin;23
778;Oscar Moraing;21
779;Hanwen Li;19
780;Federico Iannaccone;22
781;Wojciech Marek;20
782;Peter Nagy;29
783;Alberto Barroso Campos;25
784;Marco Miceli;23
785;Simon Freund;25
786;Markos Kalovelonis;27
787;Luis Faria;22
788;Jan Zielinski;24
789;Ryan James Storrie;23
790;Mateo Nicolas Martinez;27
791;Khololwam Montsi;18
792;Fabien Reboul;26
793;Diego Fernandez Flores;21
794;Samuel Vincent Ruggeri;19
795;Cezar Cretu;20
796;Calin Manda;23
797;Kirill Kivattsev;24
798;Constantin Schmitz;26
799;Dominik Boehler;25
800;Kento Takeuchi;33
801;Benjamin Dhoe;25
802;Adam El Mihdawy;32
803;Inaki Montes-De La Torre;19
804;Jurgen Zopp;33
805;Lamine Ouahab;36
806;Ruan Roelofse;31
807;Laurynas Grigelis;30
808;Tomislav Brkic;31
809;Takanyi Garanganga;31
810;Justin Butsch;26
811;Alfredo Perez;24
812;Fred Gil;36
813;Sandro Kopp;21
814;Dan Alexandru Tomescu;22
815;Arjun Kadhe;27
816;Wishaya Trongcharoenchaikul;26
817;August Holmgren;23
818;Aleksandre Bakshi;24
819;Nathan Ponwith;23
820;Franco Emanuel Egea;25
821;Guy Den Heijer;24
822;Gabriel Donev;25
823;Simon Yitbarek;21
824;Karl Friberg;22
825;Francesco Vilardo;31
826;Jules Marie;30
827;Alessandro Ragazzi;24
828;Maciej Rajski;30
829;Julien Cagnina;27
830;Rrezart Cungu;23
831;Tom Jomby;30
832;Edoardo Eremin;28
833;Tristan Boyer;20
834;Alexander Crnokrak;21
835;Adam Moundir;26
836;Mauricio Echazu;32
837;Connor Farren;27
838;Arklon Huertas Del Pino Cordova;27
839;Ronan Joncour;24
840;Filip Bergevi;27
841;Marat Deviatiarov;27
842;Javier Marti;29
843;Blake Mott;25
844;Uisung Park;21
845;Joao Pedro Sorgi;28
846;Louis Dussin;22
847;Stefano Battaglino;23
848;Denis Klok;23
849;Charles Broom;23
850;Dennis Uspensky;25
851;Dragos Dima;29
852;Ajeet Rai;22
853;Rimpei Kawakami;21
854;Simon Anthony Ivanov;21
855;Sarp Agabigun;24
856;Luis Patino;28
857;Dominik Palan;21
858;Vladimir Ivanov;34
859;Ignacio Carou;22
860;Aziz Ouakaa;22
861;Moerani Bouzige;22
862;Kevin Krawietz;29
863;Millen Hurrion;22
864;Jie Cui;23
865;Luka Pavlovic;21
866;David Perez Sanz;27
867;Peter Kobelt;30
868;Sebastian Gima;19
869;Luca Tomasetto;25
870;Andrea Guerrieri;22
871;Alessandro Ingarao;22
872;David Jorda Sanchis;27
873;Maxime Tchoutakian;27
874;Alafia Ayeni;22
875;Dostanbek Tashbulatov;21
876;Gabi Adrian Boitan;22
877;Daniel Cox;31
878;Giles Hussey;24
879;Aziz Kijametovic;25
880;Calum Puttergill;28
881;Benjamin Sigouin;22
882;Inigo Cervantes;31
883;George Loffhagen;20
884;Justin Roberts;24
885;Bruno Santanna;28
886;Diego Augusto Barreto Sanchez;19
887;Leonardo Aboian;23
888;Ryan Shane;27
889;Petr Hajek;24
890;Chien-hsun Lo;22
891;Alexander Igoshin;29
892;Yan Sabanin;31
893;Simone Bolelli;36
894;Marko Topo;18
895;Axel Geller;22
896;Daniel Rodrigues;21
897;Artem Smirnov;33
898;Christian Sigsgaard;24
899;Scott Griekspoor;30
900;Joshua Ortlip;24
901;Aleksandr Braynin;22
902;Raphael Collignon;19
903;Francisco Cabral;24
904;Yurii Dzhavakian;28
905;Terence Atmane;19
906T;Maxim Ratniuk;25
906T;Luigi Sorrentino;23
908;Ivan Liutarevich;25
909;Duje Kekez;28
910;Maxime Mora;24
911;N.Sriram Balaji;31
912;Daniel Merida Aguilar;17
913;Marcello Serafini;19
914;Matteo Gigante;19
915;Ante Pavic;32
916;Ljubomir Celebic;30
917;Dennis Novikov;28
918;Niels Lootsma;27
919;Alexander Kotzen;21
920;Abhinav Sanjeev Shanmugam;22
921;Brandon Walkin;27
922;Andrea Picchione;
923;Tomas Jirousek;21
924;Tomas Farjat;20
925;Petr Nouza;23
926;Juan Bautista Otegui;22
927;Vlad Andrei Dancu;22
928;Daniil Glinka;21
929;Mirko Martinez;23
930;Ignacio Monzon;23
931;Alexandre Reco;22
932;Adria Soriano Barrera;22
933;Daniel Brands;34
934;Alexander Vasilenko;26
935;Sem Verbeek;27
936;Joao Monteiro;27
937;Jurabek Karimov;23
938;Lorenzo Rottoli;19
939;Daniel Rincon;18
940;Niels Visker;20
941;Gianmarco Ferrari;21
942;Julian Cash;25
943;Andrey Golubev;34
944;Robin Bertrand;18
945;Soichiro Moritani;27
946;Kenneth Raisma;23
947;Neil Oberleitner;22
948;Nik Razborsek;28
949;Mwendwa Mbithi;23
950;Mattia Frinzi;22
951;Karlis Ozolins;19
952;Rishab Agarwal;25
953;Antonio Massara;26
954;Dimitriy Voronin;22
955;Gabriele Maria Noce;26
956;Simon Beaupain;22
957;Alejandro Mendoza;31
958;Gorazd Srbljak;24
959;Giorgio Ricca;26
960;Albert Alcaraz Ivorra;26
961;Stephane Robert;41
962;Jeffrey Von Der Schulenburg;19
963;Henry Craig;27
964;Jose Olivares;24
965;Yecong He;27
966;Cheong-Eui Kim;31
967;Mathys Erhard;20
968;Adrian Obert;26
969;Milan Welte;20
970;A.J. Catanzariti;26
971;Michal Konecny;32
972;Austin Rapp;25
973;Majed Kilani;24
974;Bart Stevens;23
975;Guido Ivan Justo;23
976;Mikhail Fufygin;31
977;Marco Brugnerotto;25
978;Fabio Coelho;21
979;Nicolo Turchetti;25
980;Michael Zhu;29
981;Gustav Hansson;26
982T;Toshihide Matsui;43
982T;Manuel Sanchez;30
984;Federico Agustin Gomez;24
985;Santiago De La Fuente;19
986;Tommaso Compagnucci;22
987;Murkel Dellien;24
988;Garrett Johns;20
989;Harrison Adams;27
990;Gabriel Alejandro Hidalgo;31
991;Ilya Snitari;19
992;Gerard Granollers;32
993;Daniel Little;24
994;Yann Wojcik;24
995;John Echeverria;19
996;Alexander Lebedev;24
997;Jonathan Gray;24
998T;Jonas Trinker;26
998T;Harry Wendelken;19
1000;Jesse Flores;26
1001;Maxence Beauge;21
1002;Ivan Davydov;25
1003;Maxime Pauwels;23
1004;Mehluli Don Ayanda Sibanda;22
1005;Martin Breysach;19
1006;Arthur Bouquier;20
1007T;S D Prajwal Dev;25
1007T;Vladimir Korolev;26
1009;Max Houkes;21
1010;Toby Martin;28
1011;Shalva Dzhanashiya;29
1012;Blake Ellis;22
1013;Victor Lilov;17
1014;Kuan-Yi Lee;25
1015;Deney Wassermann;20
1016;Alec Deckers;21
1017;Paul Oosterbaan;26
1018;Xin Gao;27
1019;Pak Long Yeung;26
1020;Francesco Maestrelli;18
1021;Frane Nincevic;22
1022;Hong Kit Wong;23
1023;Michiel De Krom;23
1024;Volodoymyr Uzhylovskyi;33
1025;George Tsivadze;28
1026;Kristian Lozan;23
1027T;Domagoj Biljesko;24
1027T;Tadeas Paroulek;21
1029T;Kazuma Kawachi;27
1029T;Timur Kiyamov;25
1031;Matvey Minin;20
1032;Peter Bothwell;26
1033;Alessandro Petrone;30
1034;Peter Goldsteiner;31
1035;Yuki Bhambri;29
1036;Mattias Siimar;23
1037;Robert Galloway;29
1038;Johannes Ingildsen;24
1039;Justin Eleveld;29
1040;Szymon Kielan;18
1041;Laurent Rochette;33
1042;Loris Pourroy;20
1043;Andrew Fenty;
1044T;Egor Agafonov;19
1044T;Gabriele Piraino;17
1044T;Abedallah Shelbayh;17
1047;Yuta Kawahashi;23
1048;Sascha Gueymard Wayenburg;18
1049;Valerio Aboian;19
1050;Vincent Stouff;35
1051;Matias Soto;22
1052;Hiroyasu Ehara;30
1053;Lorenzo Frigerio;32
1054;Andrew Watson;25
1055;Pierre Faivre;25
1056;Shinji Hazawa;22
1057;Petr Michnev;32
1058;Zsombor Velcz;18
1059;Yaraslav Shyla;28
1060;Eduardo Ribeiro;23
1061;Runhao Hua;25
1062;Alan Kohen;28
1063;Rhett Purcell;25
1064T;Florent Bax;22
1064T;Palaphoom Kovapitukted;21
1066;Filip Duda;23
1067;Riccardo Maiga;32
1068;Marlon Vankan;21
1069;Keisuke Saitoh;20
1070;Seita Watanabe;20
1071;Sidane Pontjodikromo;21
1072;Max Alcala Gurri;19
1073;Issei Okamura;29
1074;Albert Roglan;22
1075;Alex Barrena;19
1076;Koray Kirci;23
1077;Julio Cesar Porras;23
1078;Taha Baadi;20
1079;Stefan Seifert;36
1080;Dylan Salton;19
1081;Gengo Kikuchi;30
1082;Alejandro Garcia;19
1083;Blu Baker;20
1084;Drew Baird;21
1085;Blaise Bicknell;19
1086;Lisandru Rodriguez;19
1087;Gabriele Bosio;20
1088T;Daniel De Jonge;22
1088T;Luca Gelhardt;26
1090;Julius Tverijonas;27
1091;Tsung-Hao Huang;21
1092;Evgeny Philippov;19
1093T;Sora Fukuda;24
1093T;Alen Rogic-Hadzalic;24
1095;Kazuki Nishiwaki;27
1096;Axel Garcian;19
1097;Joshua Paris;25
1098;Francisco Andreu Garcia;20
1099;Anirudh Chandrasekar;23
1100;Michal Mikula;21
1101;Reese Stalder;24
1102;Julian Bradley;29
1103;Luca Prevosto;23
1104;Takashi Saito;26
1105;Niklas Schell;22
1106;Yanais Laurent;29
1107;Hugo Pontico;24
1108;Daisuke Sumizawa;22
1109;Aryan Goveas;23
1110;Paul Woerner;25
1111;Alexis Canter;23
1112;Yibing Wu;22
1113T;Jerome Kym;18
1113T;Hugo Voljacques;28
1115;Gregoire Jacq;28
1116;Dalwinder Singh;25
1117;Matej Sabanov;29
1118;Isaiah Strode;24
1119;Sumit Sarkar;22
1120;Sahar Simon;20
1121;Hazem Naw;21
1122;Joshua Peck;22
1123;David Fox;27
1124;Jack Findel-Hawkins;27
1125;Edoardo Graziani;21
1126T;Lucas Bouquet;24
1126T;Chak Lam Coleman Wong;17
1128;Vaughn Hunter;27
1129;Matyas Fuele;22
1130;Anas Fattar;34
1131;David Volfson;24
1132;Cheng-Yu Yu;26
1133;Buvaysar Gadamauri;21
1134;Marat Sharipov;19
1135;Siddhant Banthia;21
1136;Viktor Jovic;19
1137;Dali Blanch;18
1138T;Niklas Guttau;21
1138T;Albano Olivetti;29
1140;Alejandro Hoyos;22
1141;Ondrej Krstev;24
1142T;Alec Adamson;27
1142T;Baran Cengiz;20
1144;Mikalai Haliak;23
1145;Constantin Bittoun Kouzmine;22
1146T;Manfred Fellin;24
1146T;Oleg Khotkov;31
1148;Taisei Ichikawa;20
1149;Haru Inoue;25
1150;Vincent Millot;35
1151;Vadym Ursu;24
1152;Tigre Hank;30
1153;Antonio Campo;28
1154;Martin Beran;25
1155;Samuele Ramazzotti;22
1156;Biagio Gramaticopolo;19
1157;Jung-Woong Na;29
1158;Fausto Tabacco;
1159;Andrea Bolla;23
1160;Lucas Hellfritsch;23
1161;Alexandre Peyrot;27
1162;Mick Lescure;28
1163T;Milos Karol;18
1163T;Tomas Liska;23
1165;Giovani Samaha;27
1166;Jacob Dunbar;26
1167T;Daniel Antonio Nunez;20
1167T;Bautista Vilicich;20
1169T;Juan Carlos Manuel Aguilar;22
1169T;Matvey Khomentovskiy;27
1171;Petr Bar Biryukov;19
1172;Yuanfeng Li;27
1173;Lukas Pokorny;19
1174;Zachary Eisinga;21
1175;Raphael Baltensperger;23
1176;Michael Shabaz;34
1177T;Jakob Aichhorn;23
1177T;Arvid Nordquist;23
1179;Lukas Palovic;19
1180;Victor Vlad Cornea;28
1181T;William Bushamuka;25
1181T;Hamidreza Nadaf;28
1181T;Nitin Kumar Sinha;22
1184;Aliaksandr Bulitski;28
1185;Daniel Siniakov;18
1186;Valentin Guenther;23
1187;Marius Ruzgas;25
1188;Cengiz Aksu;23
1189;Hugo Schott;25
1190;William Griffith;26
1191T;Bruno Pujol Navarro;20
1191T;Aristotelis Thanos;20
1193;Taiyo Yamanaka;20
1194T;Isaac Stoute;25
1194T;Nicolas Tepmahc;20
1196T;Pierre Delage;20
1196T;Sergi Perez Contri;23
1198;Anis Ghorbel;32
1199;Maksim Tikhomirov;31
1200;Yannik Steinegger;21
1201;Jacob Fearnley;20
1202;Tim Puetz;33
1203T;Joao Souza;33
1203T;Szymon Walkow;26
1205;Nicolas Zanellato;19
1206;Scott Puodziunas;31
1207;Gabriel Diallo;20
1208;Alexander Maarten Jong;21
1209;Victor Estrella Burgos;41
1210;Manuel Mazza;22
1211;Maks Kasnikowski;18
1212;Gianni Mina;29
1213;Menelaos Efstathiou;22
1214;Pavel Verbin;20
1215;Sergio Galdos;31
1216T;Sergio Martos Gornes;27
1216T;Finn Tearney;31
1216T;Yasha Zemel;23
1219;Pascal Meis;28
1220;Gianluca Di Nicola;25
1221T;Bekkhan Atlangeriev;20
1221T;Giovanni Oradini;24
1221T;Giorgio Tabacco;18
1224;Adrian Bodmer;26
1225;Paul Valsecchi;24
1226T;Amr Asrawy;22
1226T;Mario Gonzalez Fernandez;
1226T;Filippo Moroni;20
1229;Vasile Antonescu;31
1230;Kasidit Samrej;20
1231;Romain Faucon;19
1232T;Sean Cuenin;17
1232T;Lucas Gomez;26
1232T;Saida'Lo Saidkarimov;24
1235T;Vladislav Ivanov;
1235T;Kai Lemstra;22
1235T;Christoffer Solberg;27
1238;Zihao Xia;24
1239;Gabriel Ciro Da Silva;22
1240;Enrique Bogo;26
1241T;Dragos Constantin Ignat;28
1241T;Dhruv Sunish;21
1243;Jesse Delaney;22
1244T;Aleksei Khomich;24
1244T;Fletcher Scott;22
1246;Kuzey Cekirge;21
1247T;Piotr Grynkowski;29
1247T;Ray Ho;21
1249;Leopold Zima;21
1250;Mert Naci Turker;23
1251;Alexandros Skorilas;21
1252;Tomislav Jotovski;31
1253;Aliaksandr Liaonenka;22
1254;Nathaniel Lammons;28
1255;Omar Brigida;22
1256T;Benjamin Hannestad;24
1256T;Francisco Llanes;19
1258;Tao Mu;21
1259T;Ko Suzuki;30
1259T;Marcelo Zormann;25
1261T;Max Basing;19
1261T;Jea Moon Lee;28
1263;Jordi Samper-Montana;31
1264;Adrian Andrzejczuk;25
1265T;Kalman L. Boyd;24
1265T;Dejan Katic;33
1265T;Ye Cong Mo;21
1268;Alessandro Pecci;20
1269T;Max Andrews;27
1269T;Masamichi Imamura;22
1269T;Tanner K Smith;26
1272;Lucas Vuradin;22
1273;Emilien Voisin;21
1274T;Wilfredo Gonzalez;28
1274T;Luciano Tacchi;20
1274T;Bart Van Den Berg;28
1277;Mikolaj Lorens;19
1278T;Florent Diep;30
1278T;Bruno Kuzuhara;17
1278T;Matthew  Mendez;
1278T;Lorenzo Joaquin Rodriguez;22
1278T;Chukang Wang;22
1278T;Tyler Zink;
1284T;Philip Bachmaier;25
1284T;Franco Feitt;29
1284T;Alex Martinez;20
1287;Justin Boulais;20
1288;Alec Beckley;20
1289T;Mario Mansilla Diez;19
1289T;Emil Reinberg;24
1291T;Lukas Hellum-Lilleengen;20
1291T;Marek Jaloviec;27
1291T;Stefan Micov;29
1291T;Maciej Smola;28
1295;Marek Semjan;34
1296T;Congsup Congcar;25
1296T;Gibril Diarra;31
1296T;Yuichiro Inui;26
1299T;Sean Hodkin;23
1299T;Florian Lakat;26
1299T;Martin Van Der Meerschen;21
1299T;Fernando Yamacita;24
1303;Zura Tkemaladze;21
1304;MinKyu Song;31
1305;Aron Pierce;24
1306T;Alexandr Binda;20
1306T;Errol Smith;27
1308T;Louroi Martinez;23
1308T;Tom Pisane;21
1310T;James Frawley;27
1310T;Cameron Green;25
1310T;Niklas Johansson;23
1310T;Ben Jones;23
1314;Boris Butulija;22
1315;Alex Blumenberg;29
1316;Kosuke Ogura;25
1317;Karlo Cubelic;23
1318;Sagadat Ayap;26
1319;Adil Kalyanpur;21
1320;Pavel Shumeiko;21
1321;Siem Woldeab;20
1322T;Jai Corbett;27
1322T;Sven Lah;23
1324T;Leny Mitjana;27
1324T;Chuhan Wang;29
1326T;Juan Manuel Benitez Chavarriaga;26
1326T;Aristarkh Safonov;18
1326T;Jakub Wojcik;24
1329;Felipe Martinez Sarrasague;24
1330T;Sergio Gutierrez-Ferrol;32
1330T;Chad Kissell;25
1330T;Dusan Obradovic;20
1333T;Andrea Gola;20
1333T;Vinayak Sharma Kaza;30
1335T;Ronan Jachuck;20
1335T;Takuya Kumasaka;23
1335T;Felipe Mantilla;28
1335T;Oscar Mesquida Berg;25
1335T;Sanhui Shin;24
1340T;Yuta Kikuchi;22
1340T;Haitong Xia;25
1342;Ti Chen;38
1343T;Yeong-Seok Jeong;21
1343T;Sho Katayama;32
1343T;Yann Marti;33
1343T;Siphosothando Montsi;21
1347T;Antonin Bolardt;23
1347T;Wei-De Lin;25
1349;Simeon Terziev;19
1350T;Paras Dahiya;23
1350T;Mateo Gomez;19
1350T;Glenn Smits;31
1353;Osgar O'Hoisin;25
1354T;Valentin Lapalu;19
1354T;Max Hans Rehberg;18
1356T;Leonardo Telles;25
1356T;Iiro Vasa;19
1358T;Bozo Barun;20
1358T;Mauro De Maio;20
1358T;Federico Moreno;27
1358T;Kody Pearson;22
1358T;Edouard Villoslada;21
1358T;Oscar Weightman;19
1364T;Milen Ianakiev;26
1364T;Aidan Mayo;18
1366T;Trent Bryde;22
1366T;Nicholas Bybel;28
1366T;Seong-Gook Oh;29
1366T;Jake Van Emburgh;23
1370T;Alvaro Guillen Meza;18
1370T;Nicolas Parizzia;23
1370T;Sergei Pogosian;23
1373T;Shao-Fan Liu;24
1373T;Peter Makk;20
1373T;Wei Qiang Zheng;25
1376T;Marco De Rossi;24
1376T;Marc Dijkhuizen;25
1376T;Noah Schachter;22
1379T;Alexander Bernard;18
1379T;Federico Bertuccioli;23
1379T;Bogdan Borza;24
1379T;Goran Markovic;26
1379T;Eero Vasa;24
1384T;Maxence Broville;22
1384T;Paul Cayre;26
1384T;Alberto Colas Sanchez;21
1384T;Domenico Cutuli;25
1384T;Perry Gregg;21
1384T;Joao Hinsching;
1384T;Rowland Phillips;27
1391;Gian Marco Ortenzi;21
1392;Timur Khabibulin;26
1393T;Joffrey De Schepper;30
1393T;Goncalo Falcao;33
1393T;Suraj R Prabodh;26
1396;Daniel Batista;22
1397T;Thomas Deschamps;23
1397T;N Vijay Sundar Prashanth;35
1397T;Leonid Sheyngezikht;21
1397T;Chanchai Sookton-eng;25
1401;Faris Zakaryia;20
1402T;Aaron Addison;25
1402T;Pavel Krainik;29
1402T;Franco Roncadelli;21
1405T;George Botezan;24
1405T;Jody Maginley;26
1407;Saba Purtseladze;20
1408T;Liam Gavrielides;17
1408T;Mao-Xin Gong;34
1408T;Chandril Sood;30
1408T;Yannick Vandenbulcke;31
1408T;Henry Von Der Schulenburg;21
1413T;Erik Arutiunian;17
1413T;Oleg Dolgosheyev;30
1413T;Yuya Ito;24
1413T;Alexander Pavlioutchenkov;35
1413T;Tim Sandkaulen;7
1413T;Alexander Stepin;25
1413T;Thantub Suksumrarn;20
1413T;Ryohei Tagata;22
1421;Tristan McCormick;
1422T;Santiago Besada;23
1422T;Rafael Giotis;20
1422T;Yong-Kyu Lim;30
1422T;Karue Sell;27
1422T;Igor Smilansky;26
1422T;Enzo Wallart;24
1428T;Demetris Azoides;21
1428T;Nicolas Buitrago;23
1430T;Lorenzo Gagliardo;21
1430T;Petru-Alexandru Luncanu;32
1430T;Luka Petrovic;18
1430T;Faisal Qamar;22
1430T;David Vega Hernandez;27
1435T;Manuel Barros;27
1435T;Thomas Bosancic;21
1435T;Francisco Dias;29
1435T;Oh-Hee Kwon;43
1439;Roman Blokhin;22
1440T;Radu Mihai Papoe;19
1440T;Nikita Volonski;20
1442T;Kareem Al Allaf;23
1442T;Gabor Borsos;30
1442T;Thiago Cigarran;21
1442T;Rodrigo Echavarria;24
1442T;Tom Fawcett;26
1442T;Gianni Ross;22
1448T;Milan Drinic;24
1448T;Kristijan Juhas;20
1448T;Alejandro Manzanera Pertusa;18
1448T;Siddharth Vishwakarma;27
1452T;Austin Ansari Ansari;27
1452T;Giovanni Calvano;23
1452T;Michael-John Every;27
1452T;Seon Yong Han;20
1452T;Joshua Sheehy;24
1452T;Nicolas Uryson;28
1458T;Guillaume Dermiens;22
1458T;Boris Fassbender;23
1458T;Jared Hiltzik;27
1458T;Krittin Koaykul;26
1458T;Olexiy Kolisnyk;25
1458T;Cing-Yang Meng;23
1458T;Mili Poljicak;17
1465T;Haadin Salim Bava;26
1465T;Alexander Klintcharov;25
1465T;Sheil Kotecha;21
1465T;Pietro Marino;20
1465T;Samuel Puskar;21
1465T;Mikal Statham;34
1465T;Aleksandar Tomas;18
1465T;Colin Van Beem;29
1473T;Nino Ehrenschneider;20
1473T;Miles Jones;20
1473T;Aleksander Orlikowski;18
1473T;Kiranpal Pannu;24
1477T;Finn Bass;22
1477T;Jaime Caldes;20
1477T;Tibo Colson;21
1477T;Jake Delaney;24
1477T;Alexander Jhun;26
1477T;Jorge Martinez Martinez;26
1477T;Yvo Panak;26
1477T;Lucas Renard;29
1477T;Alejo Vilaro;26
1477T;Max Wiskandt;19
1487;Grey Hamilton;25
1488;Luis Diego Chavez Villalpando;26
1489T;Rishi Reddy;23
1489T;Karunuday Singh;30
1489T;Viacheslav Yulik;21
1492T;Keenan Mayo;
1492T;Alexander Zgirovsky;20
1494T;Nicolas Bianchi;24
1494T;Alessandro Coppini;23
1494T;Dante Gennaro;28
1494T;Jake Hersey;21
1494T;Egor Noskin;21
1494T;Anatoliy Petrenko;25
1494T;Li-Wei Tan;26
1501T;Thanapet Chanta;22
1501T;Maikel De Boes;19
1501T;Tyler Mercier;30
1501T;Zakhar Trapeznikov;23
1505T;Kunal Anand;29
1505T;Alessandro Ceppellini;25
1505T;Mikhail Korovin;25
1505T;Michal Novansky;19
1509;Adelchi Virgili;31
1510T;Samuel Brosset;23
1510T;Jack Gibbens;24
1510T;Darko Jandric;27
1510T;Yassir Kilani;21
1510T;Valentin Vanta;24
1515T;Matthew Dellavedova;21
1515T;Hanyi Liu;20
1515T;Pol Wattanakul;26
1518;Mousa Alkotop;23
1519T;Sander Arends;30
1519T;Hanamichi Carvajal;19
1519T;Yasunori Hashikawa;22
1519T;Kweisi Kenyatte;22
1519T;Alex Lawson;27
1519T;James Mccabe;18
1519T;Lautaro  Midon;
1519T;Costin Paval;31
1519T;George Stoupe;20
1528T;Kai Breitbach;23
1528T;Nikola Cacic;30
1528T;Haoyuan Huang;
1528T;Marcel Kamrowski;18
1528T;Henrik Heise Korsgaard;25
1528T;Jack Mingjie Lin;22
1528T;Jurgen Melzer;40
1528T;Nicaise Muamba;21
1528T;Daniel Munoz de la Nava;39
1528T;Eduardo Nava;24
1528T;Artem Podorozhnyi;18
1528T;James Trotter;22
1540T;Davide Albertoni;25
1540T;Ahmed Choudhary;27
1540T;John Hallquist Lithen;19
1540T;Carson Haskins;22
1540T;Young-Hoon Jeong;32
1540T;Christian Lerby;20
1540T;Joao Eduardo Schiessl;17
1540T;Jordan Smith;25
1540T;Bastian Trinker;31
1549T;Rodrigo Banzer;24
1549T;Luis Britto;28
1549T;Lucio Carnevalle;19
1549T;Vilius Gaubas;16
1549T;Louis Lechevretel;25
1549T;Tyler Lu;26
1549T;Shunsuke Mitsui;19
1549T;Matthew Segura;21
1549T;Matej Vocel;24
1558T;Jose Daniel Bendeck;30
1558T;Filipe Brandao;29
1558T;Lorenzo Brunetti;26
1558T;Pasquale De Giorgio;22
1558T;Dax Donders;21
1558T;Alon Elia;26
1558T;Eric Hadigian;21
1558T;Tom Hands;25
1558T;Maximilian Homberg;18
1558T;Raphael Lambling;21
1558T;Will Maher;22
1558T;Axel Nefve;21
1558T;Mason Recci;24
1558T;Henrique Rocha;17
1558T;Len Schouten;22
1558T;Jakob Sude;30
1558T;Siim Troost;21
1558T;Tamaki Yamao;23
1576T;Preston Touliatos;26
1576T;Shi Hong Zeng;24
1578T;Andres Andrade;22
1578T;Sebastien Boltz;28
1578T;Franco Capalbo;23
1578T;Nini Gabriel Dica;20
1578T;Xavier Gabarro;22
1578T;Bulat Galiev;24
1578T;Michael Gloeckler;23
1578T;Cleeve Harper;20
1578T;Joshua Howard-Tripp;22
1578T;Tukhula Jacobs;26
1578T;Jiri Jenicek;21
1578T;Adam Jurajda;18
1578T;Chayanon Kaewsuto;26
1578T;Young Seok Kim;26
1578T;Jason Kros;24
1578T;Christian Lakoseljac;22
1578T;Arturs Lazdins;24
1578T;Kevin Major;26
1578T;Vasko Mladenov;32
1578T;Patrik Nema;24
1578T;Petr Nesterov;18
1578T;Christian Oliveira;21
1578T;Petar Pjevcevic;26
1578T;Alessandro Procopio;23
1578T;Giovanni Rizzuti;26
1578T;Alvaro Saez-Royuela Ariza;21
1578T;Igor Saveljic;26
1578T;Artur Shakhnubaryan;25
1578T;Nikola Slavic;21
1578T;Ji Hoon Son;27
1578T;Olivier Stuart;24
1578T;David Agung Susanto;30
1578T;Henrik Traskin;23
1578T;Joseph Imeh Ubon;24
1578T;Jesse Witten;39
1578T;Patrick Zahraj;22
1578T;Logan Zapp;19
1615T;Marco Furlanetto;20
1615T;Charl Morgan;20
1615T;Hugo Pierre;25
1615T;Rigele Te;24
1619T;Juan Ignacio Alcalde;22
1619T;Mikail Alimli;18
1619T;Gleb Blekher;20
1619T;Anton Chekhov;29
1619T;Paolo Dagnino;24
1619T;Ivan Endara;33
1619T;Oscar Galimardanov;21
1619T;Luke Jacob Gamble;26
1619T;Andre Gaspar Murta;27
1619T;Juan Pablo Grassi Mazzuchi;22
1619T;George Houghton;23
1619T;Daniel Ibragimov;19
1619T;Adam Jones;23
1619T;Filip Kolasinski;20
1619T;Worovin Kumthonkittikul;26
1619T;Hugo Largo;24
1619T;Michael Look;33
1619T;Joao Victor Couto Loureiro;18
1619T;Ricardo David Mayagoitia;27
1619T;Andre Miele;34
1619T;Marco Mosciatti;24
1619T;Victor Nunez;30
1619T;Alexander Ovcharov;23
1619T;Bogdan Pavel;22
1619T;Neel Rajesh;20
1619T;Loic Ratsaratany;22
1619T;Martins Rocens;21
1619T;Mehdi Sadaoui;18
1619T;Christian Seraphim;
1619T;Atharva Sharma;21
1619T;Yunosuke Tanaka;22
1619T;Lodewijk Weststrate;
1651T;Gregorio Cordonnier;25
1651T;Alexander Hoogmartens;19
1653T;Wissam Abderrahman;18
1653T;Damien Bayard;25
1653T;Ameur Ben Hassen;28
1653T;Gonzalo Bueno;17
1653T;Felipe Derdoy;24
1653T;Scott Duncan;27
1653T;Lior Goldenberg;21
1653T;Sean Hess;20
1653T;Martin Katz;18
1653T;Giuseppe La Vela;21
1653T;Jose Joaquin Miranda Cisneros;21
1653T;Bradley Paliska;19
1653T;Spencer Papa;26
1653T;Marco Saffratti;22
1653T;Stefanos Sakellaridis;17
1653T;Christian Samuelsson;25
1653T;Digvijaypratap Singh;21
1653T;Cyril Vandermeersch;22
1653T;Ranjeet Virali-Murugesan;36
1672;Junior A. Ore;29
1673T;Alexander Boborykin;25
1673T;Terence Das;19
1673T;Matt Kuhar;25
1673T;Courtney John Lock;25
1673T;William Ma;26
1673T;Leonardo Malgaroli;19
1673T;Aaron Schmid;21
1673T;Gustaf Strom;20
1673T;Naoki Takeda;28
1673T;Matas Vasiliauskas;19
1673T;Yeudy Villar;21
1684;Olimjon Nabiev;19
1685T;Toby D. Boyer;25
1685T;Shohei Chikami;23
1685T;Lorenzo Claverie;19
1685T;Constant De La Bassetiere;23
1685T;Amaury Delmas;23
1685T;Shahar Elbaz;24
1685T;Patrick Foley;26
1685T;George Goldhoff;26
1685T;Dev Javia;19
1685T;Tomohiro Masabayashi;23
1685T;Piotr Matuszewski;23
1685T;Timur Maulenov;21
1685T;Vladislav Melnic;22
1685T;Ren Nakamura;26
1685T;Joao Marcos Nusdeo;26
1685T;Dominik Recek;26
1685T;Afonso Salgado;24
1685T;Davide Tortora;21
1703T;Federico Campana;23
1703T;Kalin Ivanovski;17
1703T;Amaury Raynel;19
1706T;Pol Amoros Ramos;23
1706T;Conor Berg;30
1706T;Sergey Bolotov;22
1706T;Andrea Del Federico;21
1706T;Ishaque Eqbal;23
1706T;Roi Ginat;20
1706T;Mousheg Hovhannisyan;30
1706T;Pedro Iamachkine;25
1706T;Ken Onishi;25
1706T;Dusan Rajic;22
1706T;Youcef Rihane;20
1706T;Luca Staeheli;21
1706T;Kent Tagashira;28
1719T;Stefano Baldoni;24
1719T;Jayden Court;21
1719T;Andrej Glvac;24
1719T;Berk Ilkel;20
1719T;Maik Steiner;27
1724T;Alexis Boureau;25
1724T;Thiemo de Bakker;33
1726T;Anze Arh;22
1726T;Boris Arias;27
1726T;Carles Hernandez;20
1726T;Mike Urbanija;31
1730T;Ivar Jose Aramburu Contreras;27
1730T;Martin Borisiouk;21
1730T;Admir Kalender;20
1730T;Agustin Riquelme;21
1734;Jordan Hasson;22
1735T;Preston Brown;20
1735T;Juan Pablo Canas Garcia;24
1737T;Tim Heger;22
1737T;Adrian Oetzbach;24
1739;Muthu Aadhitiya Senthilkumar;21
1740T;Nicolas Acevedo;22
1740T;Gonzalo Achondo;24
1740T;Amine Ahouda;24
1740T;Isaac Arturo Arevalo;21
1740T;Bor Artnak;17
1740T;Japheth Anwasiba Bagerbaseh;28
1740T;Razvan Baiant;21
1740T;Lohithaksha Bathrinath;21
1740T;Gianluca Beghi;30
1740T;Fouad Behbehani;21
1740T;Roman Boychuk;25
1740T;Thomas Braithwaite;21
1740T;Alberto Cammarata;28
1740T;Stylianos Christodoulou;17
1740T;Andrew Dale;20
1740T;Matheus Amorim De Lima;16
1740T;Blazo N Djurovic;25
1740T;Sebastian Dominko;18
1740T;Alessandro Dragoni;24
1740T;Linus Erhart;27
1740T;Johannes Fleischmann;22
1740T;Bradley Frye;21
1740T;Washi Gervais;27
1740T;Teodor Giusca;21
1740T;Asdrubal Gobernate;26
1740T;Adam Heinonen;19
1740T;Cameron Henricy Trigolos;21
1740T;Samuel Hodor;25
1740T;Yannick Jankovits;34
1740T;Madhwin Kamath;19
1740T;Kyle Kang;16
1740T;Din Karahodza;18
1740T;Benjamin Kittay;18
1740T;Kris Krawcewicz;25
1740T;Hayato Kudo;23
1740T;Miguel Mateo Larrea;16
1740T;Alexandar Lazov;31
1740T;Hyung-Chan Lim;35
1740T;Lucas Luini;24
1740T;Joris Moret;20
1740T;Mykhailo Mossur;17
1740T;Lukas Mugevicius;26
1740T;Andrej Nedic;17
1740T;Neo Niedner;18
1740T;Benjamin Niv;21
1740T;Jakub Novak;26
1740T;Carl Emil Overbeck;20
1740T;Pietro Pampanin;18
1740T;Jun Sang Park;26
1740T;Jeson Patrombon;28
1740T;Miguel Perez Pena;18
1740T;Luke Phillips;23
1740T;Fardeen Qamar;20
1740T;Alejandro Reguant;23
1740T;Pietro Rimondini;23
1740T;Lambert Ruland;18
1740T;Matija Samardzic;17
1740T;Samuel Sanchez;19
1740T;Jakob Schnaitter;25
1740T;Julian Schubert;21
1740T;Carlos Andres Sepulveda Navarro;24
1740T;Macsen Sisam;21
1740T;Stefan Skadarka;22
1740T;Wil Spencer;32
1740T;John Sperle;19
1740T;Oleg Stepanenko;28
1740T;Illia Stoliar;22
1740T;Nikolay Sysoev;17
1740T;Shunrou Takeshima;31
1740T;Shota Tange;21
1740T;Luca George Tatomir;26
1740T;Mateusz Terczynski;25
1740T;Jesse Timmermans;
1740T;Luka Todorovic;19
1740T;Joe Tyler;23
1740T;Leonard Von Hindte;27
1740T;Stefan Vujic;23
1740T;Olle Wallin;20
1740T;Jimmy Yang;24
1740T;Borys Zgola;17
1740T;Zhao Zhao;
1740T;Mate Zsiga;29
1822T;Eric Ahren Moonga;25
1822T;Leighton Allen;20
1822T;Benjamin L. Ambrosio;20
1822T;Seydina Andre;18
1822T;Abraham Asaba;24
1822T;Carles Batlle;21
1822T;Romain Bauvy;27
1822T;Aissa Benchakroun;19
1822T;Jorge Blanco Guadalupe;23
1822T;Attila Boros;17
1822T;Adrien Bossel;34
1822T;Santiago Bramajo;21
1822T;Florian Broska;23
1822T;Vuk Budic;23
1822T;Jacob Bullard;20
1822T;Simone Cacciapuoti;21
1822T;Leonardo Catani;22
1822T;Raul Gerardo Centeno Arteaga;20
1822T;Christian Didier Chin;21
1822T;Seung-Ri Choi;31
1822T;Hong Chung;28
1822T;Clay Crawford;26
1822T;Tomas Curras Abasolo;21
1822T;Mans Dahlberg;18
1822T;Kamen Damov;22
1822T;Angel Diaz Jalil;20
1822T;Sylvester Emmanuel;23
1822T;Reece Falck;19
1822T;Jaime Faria;18
1822T;Agustin Maria Gascia;24
1822T;Tomas Gerini;26
1822T;Vladyslav Gorodynskyi;24
1822T;Patrik Hartmeier;24
1822T;Carlos Hassey;22
1822T;Louis Herman;20
1822T;Tuur Heuvinck;23
1822T;Erik Holt-Crossman;24
1822T;Emile Hudd;21
1822T;Davide Innocenti;22
1822T;Stephen Kaldawi;26
1822T;Dmytro Kamynin;32
1822T;Shahin Khaledan;31
1822T;Orel Kimhi;18
1822T;Alexis Klegou;32
1822T;Alex Kobelt;24
1822T;Veljko Krstic;18
1822T;Bharath Nishok Kumaran;23
1822T;Younes Lalami Laaroussi;20
1822T;Mischa Lanz;21
1822T;George Lazarov;16
1822T;Leonardo Lopez Linquet;20
1822T;Enrique Luque Rico;21
1822T;Radu Florin Macovei;20
1822T;Jonas Maier;25
1822T;Alexander Mannapov;26
1822T;Federico Marchetti;20
1822T;Jordi Mas De Ugarte;26
1822T;Ryotero Matsumura;25
1822T;Yanaki Milev;17
1822T;Lluc Mir Anglada;18
1822T;Rodrigo Nicolas Montes De Oca Murillo;18
1822T;Antonio Muniz Hidalgo;21
1822T;Sebastian Murillo;22
1822T;Brandon Murphy;21
1822T;Lasse Muscheites;25
1822T;François Musitelli;23
1822T;Nikolay Nedelchev;18
1822T;Viktor Nikitin;23
1822T;Noppadol Noikor;21
1822T;Kosuke Okagaki;22
1822T;Juan Sebastian Osorio;24
1822T;Sung Jun Park;27
1822T;Denis Parshutin;21
1822T;Piotr Pawlak;19
1822T;Julien Penzlin;19
1822T;Andreja Petrovic;21
1822T;Samuele Pieri;19
1822T;Karl Poling;22
1822T;Matias Ponce De Leon Gomila;18
1822T;Lilian Prod'Homme;22
1822T;Jean-Jacques Rakotohasy;27
1822T;Hunter Reese;28
1822T;Yannik Reuter;30
1822T;Rodrigo Sanchez;30
1822T;Alejandro Sanchez Gonzalez;19
1822T;Markus Schultz;
1822T;Prithvi Sekhar;28
1822T;Ivan Sergeyev;33
1822T;Hikaru Shiraishi;21
1822T;Shonigmatjon Shofayziyev;28
1822T;Ilia Simakin;18
1822T;Riley Smith;24
1822T;Lakshit Sood;30
1822T;Rubin Statham;34
1822T;Vladan Tadic;20
1822T;Robin Thour;26
1822T;Mark Tryakshin;20
1822T;Quinn Vandecasteele;19
1822T;Vivien Versier;23
1822T;Marcus Walters;23
1822T;Kento Yamada;23
1822T;Michael Zheng;17
1822T;Goran Zivotic;19
1822T;Arsenije Zlatanovic;31
1822T;Simonas Zukauskas;22
1927T;Shaheed Alam;23
1927T;Nikita Alosha;21
1927T;Ran Amar;22
1927T;Robbie Arends;19
1927T;Gianluca Ballotta;17
1927T;David Barclay;31
1927T;Oleksandr Bielinskyi;27
1927T;Viacheslav Bielinskyi;17
1927T;Darko Bojanovic;24
1927T;Adam Bronka;22
1927T;Raphael Calzi;24
1927T;Roy De Valk;29
1927T;Clement Deleersnyder;19
1927T;Vasil Dimitrov;18
1927T;Gerard Escandell Juan;21
1927T;Qun Gao;27
1927T;Sahil Gaware;24
1927T;Anthony Genov;19
1927T;Tom Gentzsch;18
1927T;Vasile-Alexandru Ghilea;27
1927T;Javier Gonzalez;22
1927T;Caio Gruber;21
1927T;Mariano Alberto Hasenkopf;20
1927T;Mark Havlicek;18
1927T;Trey Hilderbrand;21
1927T;Shinnosuke Hiramatsu;25
1927T;Alexander Knight;24
1927T;Karlo Kranic;22
1927T;Maxim Krapivin;21
1927T;Marc Othman Ktiri;18
1927T;Tae-Woo Lee;29
1927T;Martim Leote Prata;21
1927T;Aleksi Lofman;19
1927T;Luis Humberto Lopez;24
1927T;Emmanuel Luria;23
1927T;Diogo Marques;22
1927T;Victorio Marquiselli;19
1927T;Tristan Meraut;25
1927T;Jan Mertl;39
1927T;Mikhail Minakov;20
1927T;Kirill Mishkin;19
1927T;Ju-Hae Moon;33
1927T;Daniel Mora;25
1927T;Richard Muzaev;29
1927T;Anurag Nenwani;23
1927T;Baker Newman;26
1927T;Lucas Obeid;20
1927T;Minjong Park;20
1927T;Jordan Parker;27
1927T;Stijn Pel;19
1927T;Enrique Pena;17
1927T;Brandon Perez;21
1927T;Janis Podzus;27
1927T;Mihailo Popovic;20
1927T;Alan Postay;24
1927T;Peter Benjamin Privara;17
1927T;Michael Quintero;41
1927T;Strahinja Rakic;25
1927T;Laelson Rodrigues;22
1927T;Olivier Rojas;20
1927T;Eduardo Roldan;23
1927T;Alexandre Rotsaert;22
1927T;Sam Ryan Ziegann;23
1927T;Ainius Sabaliauskas;18
1927T;Sherif Sabry;35
1927T;Federico Salomone;20
1927T;Mathieu Scaglia;22
1927T;Raffael Schaer;19
1927T;Nicholas Shamma;25
1927T;Kazuki Shimizu;21
1927T;Ethan Denzel Sibanda;17
1927T;Muzingaye Sibanda;24
1927T;Imran Sibille;19
1927T;Pierre Antoine Tailleu;18
1927T;Noah Thurner;21
1927T;Duilio Vallebuona;29
1927T;Antun Vidak;28
1927T;Augusto Virgili;27
1927T;Robertas Vrzesinski;23
1927T;Daiki Yoshimura;19
1927T;Juan Sebastian Zabala Vargas;19
1927T;Konstantin Zhzhenov;17
1927T;Deni Zmak;32
1927T;Matija Zugic;20
2011T;Liova Ajavon;22
2011T;Mikel Aranzabal;20
2011T;Nevin Arimilli;22
2011T;Tadas Babelis;24
2011T;Devin Badenhorst;17
2011T;Alan Bojarski;18
2011T;Mislav Bosnjak;23
2011T;Skyler Butts;28
2011T;Vasilios Caripi;30
2011T;Luigi Castelletti;19
2011T;Ozan Colak;17
2011T;Jatin Dahiya;29
2011T;Vladimir Filip;26
2011T;Claudio Fortuna;31
2011T;Julián Gimenez;20
2011T;Mohamad Gomaa;22
2011T;Gui Gomes;23
2011T;Benedikt Henning;24
2011T;Ondrej Horak;19
2011T;Nico Hornitschek;21
2011T;Edward Hubner;23
2011T;Taha Kapadia;24
2011T;Sung Hun Kim;26
2011T;Sanetulla Kutibaev;
2011T;Pierre Malan;20
2011T;Alexandru Vasile Manole;23
2011T;Obrad Markovski;21
2011T;Dan  Martin;
2011T;Ivan Mikhaylyuk;23
2011T;Plamen Milushev;27
2011T;Abdulhamid Mubarak;27
2011T;Peter Nad;17
2011T;Jirat Navasirisomboon;24
2011T;Rashed Nawaf;16
2011T;Dominik Nazaruk;25
2011T;Rayane Oumaouche;24
2011T;Neil Pauffley;31
2011T;Filip Pieczonka;17
2011T;Davide Pontoglio;29
2011T;Franco Ribero;22
2011T;Francisco Rocha;22
2011T;Karl Kiur Saar;25
2011T;Luca Sanchez;22
2011T;Benito Sanchez Martinez;19
2011T;Emir Sendogan;20
2011T;Ioannis Stergiou;26
2011T;Roland Stuurman;22
2011T;Gokul Suresh;24
2011T;Gilad Tamar;21
2011T;Eleftherios Theodorou;25
2011T;Tiago Torres;19
2011T;Igor Trunov;20
2011T;Walter Trusendi;36
2011T;Charles Tzicas;22
2011T;Ibrokhimjon Urinov;19
2011T;Jing Long Weng;20
2011T;Bingyu Yu;22
2068T;Pierre Yves Bailly;18
2068T;Jiri Barnat;20
2068T;Juan Ignacio Batalla;22
2068T;Roee Benya;21
2068T;William Blumberg;23
2068T;Lilian Breut;24
2068T;Luciano Carraro;23
2068T;Loic Cloes;22
2068T;Aaron  Cohen;19
2068T;Matthew William Donald;16
2068T;Vlad Andrei Dumitru;24
2068T;Besir Durguti;28
2068T;Sebastian Eguez;26
2068T;Mats Hermans;25
2068T;Hasan Ibrahim;26
2068T;Kokoro Isomura;18
2068T;Stamatis Kapiris;22
2068T;Dong Ju Kim;19
2068T;Clement Larriere;24
2068T;Daniel Litvinov;21
2068T;Colin Markes;24
2068T;Elmer Moller;18
2068T;Hao Yuan Ng;26
2068T;Benard Bruno Nkomba;22
2068T;Oscar Gabriel Ortiz;24
2068T;Essa Qabazard;20
2068T;Stefano Reitano;24
2068T;Giacomo Revelli;19
2068T;Francisco Vittar;22
2068T;Shunsuke Wakita;26
2068T;Max Westphal;18
2099T;Alexandre Aubriot;22
2099T;Andrea Bessire;22
2099T;Ivan Denisov;21
2099T;Luciano Doria;28
2099T;Aron Hiltzik;25
2099T;Christos Keisidis;
2099T;Wulfrano Martinez Mora Esdras;20
2099T;Jurence Zosimo Mendoza;25
2099T;Gabriele Moghini;25
2099T;Shamirul Shahril Mohd Adam Das;21
2099T;Javier Naser;24
2099T;Stepan Pecak;21
2099T;Flemming Peters;26
2099T;Or Ram-Harel;26
2099T;Nicholas Reyes;26
2099T;Hillel Rousseau;26
2099T;Felipe Santamaria;25
2099T;Sam Taylor;24
2099T;Emmett Ward IV;26
2099T;Georg Winkler;24
2099T;Sheng Hao Zhou;25
2120T;Nicolas Bruna;22
2120T;Riaan Du Toit;27
2120T;Quentin Gueydan;27
2120T;Jakob Johansson-Holm;26
2120T;Daniel Paty;22
2120T;Bastien Presuhn;21
2120T;Alan Fernando Rubio Fierros;22
2120T;Ondrej Styler;21
2120T;Giuseppe Tresca;23
2120T;Danylo Veremeychuk;24
2120T;Nikolay Vylegzhanin;21
2131T;Facundo Arias Bisso;23
2131T;Andres Gabriel Ciurletti;23
2131T;Pavle Daljev;29
2131T;Sherif Makhlouf;23
2131T;Bernardo Saraiva;28
2131T;Moritz Thiem;21
2131T;Andres Urrea;
2131T;Ioannis Xilas;20
2139T;Roko Horvat;20
2139T;Michalis Sakellaridis;20
2139T;Gian Luca Tanner;20
2142T;Mayeul Darras;22
2142T;Riccardo Di Nocera;21
2142T;Kristof Minarik;20
2142T;Bora Sengul;20
2146T;Leo Borg;18
2146T;Mohamed Nazim Makhlouf;25
2148T;Mert Alkaya;21
2148T;Natan Rodrigues;19
2150;Umut Akkoyun;21